tRNA name	tRNA sequence	tRF sequence	tRF mismatch	tRF type	tRF coordinate	Read count	RP100K
Homo_sapiens_tRNA-Gly-CCC-1-1	GCATTGGTGGTTCAGTGGTAGAATTCTCGCCTCCCACGCGGGAGACCCGGGTTCAATTCCCGGCCAATGCACCA	GCATTGGTGGTTCAGTGGTAGAATTCTCGC	N:	5'-tRF	1:30	403429	74135.49
Homo_sapiens_tRNA-Gly-CCC-1-1	GCATTGGTGGTTCAGTGGTAGAATTCTCGCCTCCCACGCGGGAGACCCGGGTTCAATTCCCGGCCAATGCACCA	GCATTGGTGGTTCAGTGG	N:	5'-tRF	1:18	237	43.55
Homo_sapiens_tRNA-Gly-CCC-1-1	GCATTGGTGGTTCAGTGGTAGAATTCTCGCCTCCCACGCGGGAGACCCGGGTTCAATTCCCGGCCAATGCACCA	TTCCCGGCCAATGCACCA	N:	3'-tRF	57:74	28	5.15
Homo_sapiens_tRNA-Gly-GCC-5-1	GCATTGGTGGTTCAGTGGTAGAATTCTCGCCTGCCATGCGGGCGGCCGGGCTTCGATTCCTGGCCAATGCACCA	GCATTTGTGGTTCAGTGGTAGAATTCTCGCC	Y:6	5'-half	1:31	57671	10597.82
Homo_sapiens_tRNA-Gly-GCC-5-1	GCATTGGTGGTTCAGTGGTAGAATTCTCGCCTGCCATGCGGGCGGCCGGGCTTCGATTCCTGGCCAATGCACCA	CAGTGGTAGAATTCTCGC	N:	i-tRF	13:30	291	53.48
Homo_sapiens_tRNA-Val-AAC-1-1	GTTTCCGTAGTGTAGTGGTTATCACGTTCGCCTAACACGCGAAAGGTCCCCGGTTCGAAACCGGGCGGAAACACCA	GTTTCCGTAGTGTAGTGGTTATCACGTTCGCCT	N:	5'-half	1:33	17669	3246.92
Homo_sapiens_tRNA-Val-AAC-1-1	GTTTCCGTAGTGTAGTGGTTATCACGTTCGCCTAACACGCGAAAGGTCCCCGGTTCGAAACCGGGCGGAAACACCA	ACCGGGCGGAAACACCA	N:	3'-tRF	60:76	532	97.76
Homo_sapiens_tRNA-Gly-GCC-3-1	GCATTGGTGGTTCAGTGGTAGAATTCTCGCCTGCCACGCGGGAGGCCCGGGTTTGATTCCCGGCCAGTGCACCA	GCATTGGTGGTTCAGTGGTAGAATTCTCGCCT	N:	5'-half	1:32	8364	1537.01
Homo_sapiens_tRNA-Gly-GCC-3-1	GCATTGGTGGTTCAGTGGTAGAATTCTCGCCTGCCACGCGGGAGGCCCGGGTTTGATTCCCGGCCAGTGCACCA	GCATTGGTGGTTCAGTGGTAGAATTCTCGCCTGCCACGCGGGAGGCCCGGGT	N:	5'-tRF	1:52	165	30.32
Homo_sapiens_tRNA-Gly-GCC-3-1	GCATTGGTGGTTCAGTGGTAGAATTCTCGCCTGCCACGCGGGAGGCCCGGGTTTGATTCCCGGCCAGTGCACCA	TGGTAGAATTCTCGCCTGCCACGCGGGAGGCCC	N:	i-tRF	16:48	92	16.91
Homo_sapiens_tRNA-Gly-GCC-3-1	GCATTGGTGGTTCAGTGGTAGAATTCTCGCCTGCCACGCGGGAGGCCCGGGTTTGATTCCCGGCCAGTGCACCA	GCATTTGTGGTTCAGTGG	Y:6	5'-tRF	1:18	47	8.64
Homo_sapiens_tRNA-Gly-GCC-3-1	GCATTGGTGGTTCAGTGGTAGAATTCTCGCCTGCCACGCGGGAGGCCCGGGTTTGATTCCCGGCCAGTGCACCA	TAGAATTCTCGCCTGCCAC	N:	i-tRF	19:37	112	20.58
Homo_sapiens_tRNA-Glu-CTC-2-1	TCCCTGGTGGTCTAGTGGTTAGGATTCGGCGCTCTCACCGCCGCGGCCCGGGTTCGATTCCCGGTCAGGAAACCA	TCCCTGGTGGTCTAGTGGTTAGGATTCGGCGC	N:	5'-half	1:32	4830	887.58
Homo_sapiens_tRNA-Glu-CTC-2-1	TCCCTGGTGGTCTAGTGGTTAGGATTCGGCGCTCTCACCGCCGCGGCCCGGGTTCGATTCCCGGTCAGGAAACCA	AGTGGTTAGGATTCGGCGCTCTCACCGCCGCGGCCC	N:	i-tRF	14:49	656	120.55
Homo_sapiens_tRNA-Glu-CTC-2-1	TCCCTGGTGGTCTAGTGGTTAGGATTCGGCGCTCTCACCGCCGCGGCCCGGGTTCGATTCCCGGTCAGGAAACCA	AGTGGTTAGGATTCGGCGC	N:	i-tRF	14:32	116	21.32
Homo_sapiens_tRNA-Val-AAC-4-1	GTTTCCGTAGTGTAGTGGTTATCACGTTCGCCTAACACGCGAAAGGTCCGCGGTTCGAAACCGGGCGGAAACACCA	GTTTCCGTAGTGTAGTGGTTATCACGTTCGCC	N:	5'-half	1:32	4603	845.87
Homo_sapiens_tRNA-Val-AAC-4-1	GTTTCCGTAGTGTAGTGGTTATCACGTTCGCCTAACACGCGAAAGGTCCGCGGTTCGAAACCGGGCGGAAACACCA	AACCGGGCGGAAACAC	N:	3'-tRF	59:74	127	23.34
Homo_sapiens_tRNA-Gly-GCC-1-1	GCATGGGTGGTTCAGTGGTAGAATTCTCGCCTGCCACGCGGGAGGCCCGGGTTCGATTCCCGGCCCATGCACCA	GCATGGGTGGTTCAGTGGTAGAATTCTCGC	N:	5'-tRF	1:30	3592	660.08
Homo_sapiens_tRNA-Gly-GCC-1-1	GCATGGGTGGTTCAGTGGTAGAATTCTCGCCTGCCACGCGGGAGGCCCGGGTTCGATTCCCGGCCCATGCACCA	TCAGTGGTAGAATTCTCGC	N:	i-tRF	12:30	274	50.35
Homo_sapiens_tRNA-Gly-GCC-1-1	GCATGGGTGGTTCAGTGGTAGAATTCTCGCCTGCCACGCGGGAGGCCCGGGTTCGATTCCCGGCCCATGCACCA	TGGTAGAATTCTCGCCTGCCACGC	N:	i-tRF	16:39	59	10.84
Homo_sapiens_tRNA-Gly-GCC-1-1	GCATGGGTGGTTCAGTGGTAGAATTCTCGCCTGCCACGCGGGAGGCCCGGGTTCGATTCCCGGCCCATGCACCA	TCGTTTCCCGGCCCATGCACCA	Y:56	3'-tRF	53:74	41	7.54
Homo_sapiens_tRNA-Gly-GCC-2-1	GCATTGGTGGTTCAGTGGTAGAATTCTCGCCTGCCACGCGGGAGGCCCGGGTTCGATTCCCGGCCAATGCACCA	GCATTAGTGGTTCAGTGGTAGAATTCTCGC	Y:6	5'-tRF	1:30	2842	522.27
Homo_sapiens_tRNA-Gly-GCC-2-1	GCATTGGTGGTTCAGTGGTAGAATTCTCGCCTGCCACGCGGGAGGCCCGGGTTCGATTCCCGGCCAATGCACCA	TCGTTTCCCGGCCAATGCACCA	Y:56	3'-tRF	53:74	380	69.83
Homo_sapiens_tRNA-Gly-GCC-2-1	GCATTGGTGGTTCAGTGGTAGAATTCTCGCCTGCCACGCGGGAGGCCCGGGTTCGATTCCCGGCCAATGCACCA	TGGTAGAATTCTCGCCTGCCACGCGGGAGGCCCGGGT	N:	i-tRF	16:52	117	21.50
Homo_sapiens_tRNA-Gly-GCC-2-1	GCATTGGTGGTTCAGTGGTAGAATTCTCGCCTGCCACGCGGGAGGCCCGGGTTCGATTCCCGGCCAATGCACCA	TAGAATTCTCGCCTGCCACG	N:	i-tRF	19:38	200	36.75
Homo_sapiens_tRNA-Gly-GCC-2-1	GCATTGGTGGTTCAGTGGTAGAATTCTCGCCTGCCACGCGGGAGGCCCGGGTTCGATTCCCGGCCAATGCACCA	GTGGTAGAATTCTCGC	N:	i-tRF	15:30	81	14.88
Homo_sapiens_tRNA-Gly-GCC-2-1	GCATTGGTGGTTCAGTGGTAGAATTCTCGCCTGCCACGCGGGAGGCCCGGGTTCGATTCCCGGCCAATGCACCA	GCGGGAGGCCCGGGTTCGTTTCCCGGCCAATGC	Y:56	i-tRF	38:70	112	20.59
Homo_sapiens_tRNA-Lys-TTT-5-1	GCCCGGATAGCTCAGTCGGTAGAGCATCAGACTTTTAATCTGAGGGTCCGGGGTTCAAGTCCCTGTTCGGGCGCCA	GCCCGGATAGCTCAGTCGGTAGAGCATCAGAC	N:	5'-half	1:32	3557	653.65
Homo_sapiens_tRNA-Lys-TTT-5-1	GCCCGGATAGCTCAGTCGGTAGAGCATCAGACTTTTAATCTGAGGGTCCGGGGTTCAAGTCCCTGTTCGGGCGCCA	GTCCCTGTTCGGGCGCCA	N:	3'-tRF	59:76	106	19.48
Homo_sapiens_tRNA-iMet-CAT-1-1	AGCAGAGTGGCGCAGCGGAAGCGTGCTGGGCCCATAACCCAGAGGTCGATGGATCGAAACCATCCTCTGCTACCA	AGCAGAGTGGCGCAGCGGAAGCGTGCTGGGC	N:	5'-half	1:31	2676	491.75
Homo_sapiens_tRNA-iMet-CAT-1-1	AGCAGAGTGGCGCAGCGGAAGCGTGCTGGGCCCATAACCCAGAGGTCGATGGATCGAAACCATCCTCTGCTACCA	CGGAAGCGTGCTGGGC	N:	i-tRF	16:31	181	33.26
Homo_sapiens_tRNA-iMet-CAT-1-1	AGCAGAGTGGCGCAGCGGAAGCGTGCTGGGCCCATAACCCAGAGGTCGATGGATCGAAACCATCCTCTGCTACCA	TCGAAACCATCCTCTGCTA	N:	i-tRF	54:72	123	22.61
Homo_sapiens_tRNA-Glu-CTC-1-1	TCCCTGGTGGTCTAGTGGTTAGGATTCGGCGCTCTCACCGCCGCGGCCCGGGTTCGATTCCCGGTCAGGGAACCA	TCCCTGGTGGTCTAGTGGTTAGGATTCGGCGCTCT	N:	5'-half	1:35	675	124.05
Homo_sapiens_tRNA-Glu-CTC-1-1	TCCCTGGTGGTCTAGTGGTTAGGATTCGGCGCTCTCACCGCCGCGGCCCGGGTTCGATTCCCGGTCAGGGAACCA	TGGTTAGGATTCGGCGCTCTCACCGCC	N:	i-tRF	16:42	484	88.94
Homo_sapiens_tRNA-Glu-CTC-1-1	TCCCTGGTGGTCTAGTGGTTAGGATTCGGCGCTCTCACCGCCGCGGCCCGGGTTCGATTCCCGGTCAGGGAACCA	TAGTGGTTAGGATTCGGCGCTCTCACCGCCGCGGCCC	N:	i-tRF	13:49	264	48.52
Homo_sapiens_tRNA-Glu-CTC-1-1	TCCCTGGTGGTCTAGTGGTTAGGATTCGGCGCTCTCACCGCCGCGGCCCGGGTTCGATTCCCGGTCAGGGAACCA	AGTGGTTAGGATTCGGC	N:	i-tRF	14:30	200	36.75
Homo_sapiens_tRNA-Glu-CTC-1-1	TCCCTGGTGGTCTAGTGGTTAGGATTCGGCGCTCTCACCGCCGCGGCCCGGGTTCGATTCCCGGTCAGGGAACCA	GGGTTCGTTTCCCGGTCAGGGAA	Y:57	i-tRF	50:72	99	18.19
Homo_sapiens_tRNA-Glu-CTC-1-1	TCCCTGGTGGTCTAGTGGTTAGGATTCGGCGCTCTCACCGCCGCGGCCCGGGTTCGATTCCCGGTCAGGGAACCA	ATTCGGCGCTCTCACCGCCGCGGCCCGGGTTCGTTTCCCGGTCAGGGAACCA	Y:57	3'-tRF	24:75	38	6.99
Homo_sapiens_tRNA-His-GTG-1-1	GCCGTGATCGTATAGTGGTTAGTACTCTGCGTTGTGGCCGCAGCAACCTCGGTTCGAATCCGAGTCACGGCACCA	CCGTGATCGTATAGTGGTTAGTACTCTGC	N:	i-tRF	2:30	1482	272.35
Homo_sapiens_tRNA-His-GTG-1-1	GCCGTGATCGTATAGTGGTTAGTACTCTGCGTTGTGGCCGCAGCAACCTCGGTTCGAATCCGAGTCACGGCACCA	TCGAATCCGAGTCACGGCAC	N:	3'-tRF	54:73	119	21.87
Homo_sapiens_tRNA-Lys-CTT-4-1	GCCCGGCTAGCTCAGTCGGTAGAGCATGGGACTCTTAATCTCAGGGTCGTGGGTTCGAGCCCCACGTTGGGCGCCA	GCCCGGCTAGCTCAGTCGGTAGAGCATGGGAC	N:	5'-half	1:32	1071	196.81
Homo_sapiens_tRNA-Lys-CTT-4-1	GCCCGGCTAGCTCAGTCGGTAGAGCATGGGACTCTTAATCTCAGGGTCGTGGGTTCGAGCCCCACGTTGGGCGCCA	TCGGTAGAGCATGGGAC	N:	i-tRF	16:32	476	87.47
Homo_sapiens_tRNA-Lys-CTT-4-1	GCCCGGCTAGCTCAGTCGGTAGAGCATGGGACTCTTAATCTCAGGGTCGTGGGTTCGAGCCCCACGTTGGGCGCCA	CCCACGTTGGGCGCCA	N:	3'-tRF	61:76	33	6.06
Homo_sapiens_tRNA-Lys-CTT-1-1	GCCCGGCTAGCTCAGTCGGTAGAGCATGGGACTCTTAATCCCAGGGTCGTGGGTTCGAGCCCCACGTTGGGCGCCA	GTCGGTAGAGCATGGGAC	N:	i-tRF	15:32	707	129.92
Homo_sapiens_tRNA-Lys-CTT-1-1	GCCCGGCTAGCTCAGTCGGTAGAGCATGGGACTCTTAATCCCAGGGTCGTGGGTTCGAGCCCCACGTTGGGCGCCA	GCCCGGCTAGCTCAGTCGGTAGAGCATGGGACTCTTAATCCC	N:	5'-tRF	1:42	80	14.70
Homo_sapiens_tRNA-Lys-CTT-1-1	GCCCGGCTAGCTCAGTCGGTAGAGCATGGGACTCTTAATCCCAGGGTCGTGGGTTCGAGCCCCACGTTGGGCGCCA	CCGGCTAGCTCAGTCGGTAGAGCATGGG	N:	i-tRF	3:30	421	77.37
Homo_sapiens_tRNA-Lys-CTT-1-1	GCCCGGCTAGCTCAGTCGGTAGAGCATGGGACTCTTAATCCCAGGGTCGTGGGTTCGAGCCCCACGTTGGGCGCCA	TCGGTAGAGCATGGGACTCTTAATCCC	N:	i-tRF	16:42	191	35.10
Homo_sapiens_tRNA-Gly-CCC-2-1	GCGCCGCTGGTGTAGTGGTATCATGCAAGATTCCCATTCTTGCGACCCGGGTTCGATTCCCGGGCGGCGCACCA	TCGTTTCCCGGGCGGCGCACCA	Y:56	3'-tRF	53:74	734	134.89
Homo_sapiens_tRNA-Gly-CCC-2-1	GCGCCGCTGGTGTAGTGGTATCATGCAAGATTCCCATTCTTGCGACCCGGGTTCGATTCCCGGGCGGCGCACCA	GCGCCGCTGGTGTAGTGGTATCATGCAAG	N:	5'-tRF	1:29	525	96.48
Homo_sapiens_tRNA-Gly-CCC-2-1	GCGCCGCTGGTGTAGTGGTATCATGCAAGATTCCCATTCTTGCGACCCGGGTTCGATTCCCGGGCGGCGCACCA	CCGCTGGTGTAGTGGTATCATGCAAGATTCCCATTC	N:	i-tRF	4:39	38	6.98
Homo_sapiens_tRNA-Val-CAC-4-1	GTTTCCGTAGTGTAGTGGTTATCACGTTCGCCTCACACGCGAAAGGTCCCCGGTTCGAAACTGGGCGGAAACACCA	GTTTCCGTAGTGTAGTGGTTATCACTTTCGCCT	Y:26	5'-half	1:33	1466	269.40
Homo_sapiens_tRNA-Val-CAC-2-1	GCTTCTGTAGTGTAGTGGTTATCACGTTCGCCTCACACGCGAAAGGTCCCCGGTTCGAAACCGGGCAGAAGCACCA	GCTTCTGTAGTGTAGTGGTTATCACGTTCGCCT	N:	5'-half	1:33	1007	185.05
Homo_sapiens_tRNA-Val-CAC-2-1	GCTTCTGTAGTGTAGTGGTTATCACGTTCGCCTCACACGCGAAAGGTCCCCGGTTCGAAACCGGGCAGAAGCACCA	AACCGGGCAGAAGCACCA	N:	3'-tRF	59:76	53	9.74
Homo_sapiens_tRNA-Val-CAC-1-1	GTTTCCGTAGTGTAGTGGTTATCACGTTCGCCTCACACGCGAAAGGTCCCCGGTTCGAAACCGGGCGGAAACACCA	AACCGGGCGGAAACACCA	N:	3'-tRF	59:76	594	109.16
Homo_sapiens_tRNA-Val-CAC-1-1	GTTTCCGTAGTGTAGTGGTTATCACGTTCGCCTCACACGCGAAAGGTCCCCGGTTCGAAACCGGGCGGAAACACCA	GTTTCCGTAGTGTAGTGGTTATCACGTTCGCCG	Y:33	5'-half	1:33	369	67.81
Homo_sapiens_tRNA-Val-CAC-1-1	GTTTCCGTAGTGTAGTGGTTATCACGTTCGCCTCACACGCGAAAGGTCCCCGGTTCGAAACCGGGCGGAAACACCA	AGTGGTTATCACGTTCGCC	N:	i-tRF	14:32	81	14.89
Homo_sapiens_tRNA-Leu-CAG-1-1	GTCAGGATGGCCGAGCGGTCTAAGGCGCTGCGTTCAGGTCGCAGTCTCCCCTGGAGGCGTGGGTTCGAATCCCACTCCTGACACCA	GTCAGGATGGCCGAGCGGTCTAAGGC	N:	5'-tRF	1:26	589	108.24
Homo_sapiens_tRNA-Leu-CAG-1-1	GTCAGGATGGCCGAGCGGTCTAAGGCGCTGCGTTCAGGTCGCAGTCTCCCCTGGAGGCGTGGGTTCGAATCCCACTCCTGACACCA	TTCAGGTCGCAGTCTCCC	N:	i-tRF	33:50	114	20.95
Homo_sapiens_tRNA-Leu-CAG-1-1	GTCAGGATGGCCGAGCGGTCTAAGGCGCTGCGTTCAGGTCGCAGTCTCCCCTGGAGGCGTGGGTTCGAATCCCACTCCTGACACCA	ATCCCACTCCTGACACCA	N:	3'-tRF	69:86	134	24.63
Homo_sapiens_tRNA-Lys-TTT-3-1	GCCCGGATAGCTCAGTCGGTAGAGCATCAGACTTTTAATCTGAGGGTCCAGGGTTCAAGTCCCTGTTCGGGCGCCA	GCCCGGATAGCTCAGTCGGTAGAGCATCAGA	N:	5'-tRF	1:31	351	64.51
Homo_sapiens_tRNA-Lys-TTT-3-1	GCCCGGATAGCTCAGTCGGTAGAGCATCAGACTTTTAATCTGAGGGTCCAGGGTTCAAGTCCCTGTTCGGGCGCCA	AGTCGGTAGAGCATCAGAC	N:	i-tRF	14:32	72	13.23
Homo_sapiens_tRNA-Lys-TTT-3-1	GCCCGGATAGCTCAGTCGGTAGAGCATCAGACTTTTAATCTGAGGGTCCAGGGTTCAAGTCCCTGTTCGGGCGCCA	TCTGAGGGTCCAGGGTTCAGGTCCCTGTTCGGGCGCCA	Y:58	3'-tRF	39:76	78	14.33
Homo_sapiens_tRNA-Lys-TTT-3-1	GCCCGGATAGCTCAGTCGGTAGAGCATCAGACTTTTAATCTGAGGGTCCAGGGTTCAAGTCCCTGTTCGGGCGCCA	CCAGGGTTCAGGTCCCTGTTCGGGCGCCA	Y:58	3'-tRF	48:76	62	11.39
Homo_sapiens_tRNA-Val-AAC-2-1	GTTTCCGTAGTGTAGTGGTCATCACGTTCGCCTAACACGCGAAAGGTCCCCGGTTCGAAACCGGGCGGAAACACCA	GTTTCCGTAGTGTAGTGGTCATCACGTTCGCCT	N:	5'-half	1:33	619	113.75
Homo_sapiens_tRNA-Val-AAC-2-1	GTTTCCGTAGTGTAGTGGTCATCACGTTCGCCTAACACGCGAAAGGTCCCCGGTTCGAAACCGGGCGGAAACACCA	CCGGGCGGAAACACCA	N:	3'-tRF	61:76	143	26.28
Homo_sapiens_tRNA-Glu-TTC-2-1	TCCCACATGGTCTAGCGGTTAGGATTCCTGGTTTTCACCCAGGCGGCCCGGGTTCGACTCCCGGTGTGGGAACCA	TCCCACATGGTCTAGCGGTTAGGATTCCTGGT	N:	5'-half	1:32	599	110.08
Homo_sapiens_tRNA-Glu-TTC-2-1	TCCCACATGGTCTAGCGGTTAGGATTCCTGGTTTTCACCCAGGCGGCCCGGGTTCGACTCCCGGTGTGGGAACCA	TCCCACATGGTCTAGCGG	N:	5'-tRF	1:18	38	6.98
Homo_sapiens_tRNA-iMet-CAT-2-1	AGCAGAGTGGCGCAGCGGAAGCGTGCTGGGCCCATAACCCAGAGGTCGATGGATCTAAACCATCCTCTGCTACCA	AGCAGAGTAGCGCAGCGGAAGCGTGCTGGGC	Y:9	5'-half	1:31	628	115.40
Homo_sapiens_tRNA-iMet-CAT-2-1	AGCAGAGTGGCGCAGCGGAAGCGTGCTGGGCCCATAACCCAGAGGTCGATGGATCTAAACCATCCTCTGCTACCA	CGGAAGCGTGCTGGGCCC	N:	i-tRF	16:33	80	14.70
Homo_sapiens_tRNA-Pro-AGG-1-1	GGCTCGTTGGTCTAGGGGTATGATTCTCGCTTAGGATGCGAGAGGTCCCGGGTTCAAATCCCGGACGAGCCCCCA	ATCCCGGACGAGCCCCCA	N:	3'-tRF	58:75	551	101.25
Homo_sapiens_tRNA-Pro-TGG-3-1	GGCTCGTTGGTCTAGGGGTATGATTCTCGCTTTGGGTGCGAGAGGTCCCGGGTTCAAATCCCGGACGAGCCCCCA	GGCTCGTTGGTCTAGGGGTATGATTCTCGCT	N:	5'-half	1:31	397	72.95
Homo_sapiens_tRNA-Pro-TGG-3-1	GGCTCGTTGGTCTAGGGGTATGATTCTCGCTTTGGGTGCGAGAGGTCCCGGGTTCAAATCCCGGACGAGCCCCCA	TCCCGGACGAGCCCCCA	N:	3'-tRF	59:75	63	11.58
Homo_sapiens_tRNA-Pro-TGG-3-1	GGCTCGTTGGTCTAGGGGTATGATTCTCGCTTTGGGTGCGAGAGGTCCCGGGTTCAAATCCCGGACGAGCCCCCA	TGGGGTGCGAGAGGTCCCGGGT	Y:33	i-tRF	32:53	80	14.70
Homo_sapiens_tRNA-Pro-TGG-3-1	GGCTCGTTGGTCTAGGGGTATGATTCTCGCTTTGGGTGCGAGAGGTCCCGGGTTCAAATCCCGGACGAGCCCCCA	AGGGGTATGATTCTCGCT	N:	i-tRF	14:31	34	6.25
Homo_sapiens_tRNA-Gln-CTG-1-1	GGTTCCATGGTGTAATGGTTAGCACTCTGGACTCTGAATCCAGCGATCCGAGTTCAAATCTCGGTGGAACCTCCA	CTGAATCCAGCGATCCGAGTT	N:	i-tRF	34:54	214	39.33
Homo_sapiens_tRNA-Gln-CTG-1-1	GGTTCCATGGTGTAATGGTTAGCACTCTGGACTCTGAATCCAGCGATCCGAGTTCAAATCTCGGTGGAACCTCCA	TGGTGTAATGGTTAGCACTCTGGACT	N:	i-tRF	8:33	84	15.44
Homo_sapiens_tRNA-Gln-CTG-1-1	GGTTCCATGGTGTAATGGTTAGCACTCTGGACTCTGAATCCAGCGATCCGAGTTCAAATCTCGGTGGAACCTCCA	ATCTCGGTGGAACCTCCA	N:	3'-tRF	58:75	35	6.43
Homo_sapiens_tRNA-Pro-CGG-1-1	GGCTCGTTGGTCTAGGGGTATGATTCTCGCTTCGGGTGCGAGAGGTCCCGGGTTCAAATCCCGGACGAGCCCCCA	GGCTCGTTCGTCTAGGGGTATGATTCTCGCT	Y:9	5'-half	1:31	281	51.64
Homo_sapiens_tRNA-Pro-CGG-1-1	GGCTCGTTGGTCTAGGGGTATGATTCTCGCTTCGGGTGCGAGAGGTCCCGGGTTCAAATCCCGGACGAGCCCCCA	TCAAATCCCGGACGAGCCCCCA	N:	3'-tRF	54:75	81	14.89
Homo_sapiens_tRNA-Pro-CGG-1-1	GGCTCGTTGGTCTAGGGGTATGATTCTCGCTTCGGGTGCGAGAGGTCCCGGGTTCAAATCCCGGACGAGCCCCCA	TAGGGGTATGATTCTCGCT	N:	i-tRF	13:31	71	13.05
Homo_sapiens_tRNA-SeC-TCA-1-1	GCCCGGATGATCCTCAGTGGTCTGGGGTGCAGGCTTCAAACCTGTAGCTGTCTAGCGACAGAGTGGTTCAATTCCACCTTTCGGGCGCCA	CGGATGATCCTCAGTGGTCTGGGGTGC	N:	i-tRF	4:30	98	18.01
Homo_sapiens_tRNA-SeC-TCA-1-1	GCCCGGATGATCCTCAGTGGTCTGGGGTGCAGGCTTCAAACCTGTAGCTGTCTAGCGACAGAGTGGTTCAATTCCACCTTTCGGGCGCCA	TTTCCACCTTTCGGGCGCCA	Y:71	3'-tRF	71:90	100	18.38
Homo_sapiens_tRNA-SeC-TCA-1-1	GCCCGGATGATCCTCAGTGGTCTGGGGTGCAGGCTTCAAACCTGTAGCTGTCTAGCGACAGAGTGGTTCAATTCCACCTTTCGGGCGCCA	CAGAGTGGTTCATTTCCACCTTTCGGGCGC	Y:71	3'-tRF	59:88	130	23.89
Homo_sapiens_tRNA-Lys-CTT-2-1	GCCCGGCTAGCTCAGTCGGTAGAGCATGAGACTCTTAATCTCAGGGTCGTGGGTTCGAGCCCCACGTTGGGCGCCA	GCCCGGCTAGCTCAGTCGGTAGAGCATGAGACT	N:	5'-half	1:33	375	68.91
Homo_sapiens_tRNA-Lys-CTT-2-1	GCCCGGCTAGCTCAGTCGGTAGAGCATGAGACTCTTAATCTCAGGGTCGTGGGTTCGAGCCCCACGTTGGGCGCCA	AGTCGGTAGAGCATGAGAC	N:	i-tRF	14:32	46	8.45
Homo_sapiens_tRNA-Arg-TCT-1-1	GGCTCCGTGGCGCAATGGATAGCGCATTGGACTTCTAATTCAAAGGTTCCGGGTTCGAGTCCCGGCGGAGTCGCCA	GGCTCCGTGGCGCAATGGATAGCGCATTGGAC	N:	5'-half	1:32	356	65.42
Homo_sapiens_tRNA-Leu-CAG-2-1	GTCAGGATGGCCGAGCGGTCTAAGGCGCTGCGTTCAGGTCGCAGTCTCCCCTGGAGGCGTGGGTTCGAATCCCACTTCTGACACCA	AGGATGGCCGAGCGGTCTAAG	N:	i-tRF	4:24	190	34.92
Homo_sapiens_tRNA-Leu-CAG-2-1	GTCAGGATGGCCGAGCGGTCTAAGGCGCTGCGTTCAGGTCGCAGTCTCCCCTGGAGGCGTGGGTTCGAATCCCACTTCTGACACCA	GTCAGGATGGCCGAGC	N:	5'-tRF	1:16	76	13.97
Homo_sapiens_tRNA-Leu-CAG-2-1	GTCAGGATGGCCGAGCGGTCTAAGGCGCTGCGTTCAGGTCGCAGTCTCCCCTGGAGGCGTGGGTTCGAATCCCACTTCTGACACCA	TCGAATCCCACTTCTGACACCA	N:	3'-tRF	65:86	40	7.35
Homo_sapiens_tRNA-Gln-CTG-2-1	GGTTCCATGGTGTAATGGTTAGCACTCTGGACTCTGAATCCAGCGATCCGAGTTCAAGTCTCGGTGGAACCTCCA	ATGGTTAGCACTCTGGA	N:	i-tRF	15:31	47	8.64
Homo_sapiens_tRNA-Gln-CTG-2-1	GGTTCCATGGTGTAATGGTTAGCACTCTGGACTCTGAATCCAGCGATCCGAGTTCAAGTCTCGGTGGAACCTCCA	TGGTGTAATGGTTAGCACTCTGGACTCTGAATC	N:	i-tRF	8:40	56	10.29
Homo_sapiens_tRNA-Gln-CTG-2-1	GGTTCCATGGTGTAATGGTTAGCACTCTGGACTCTGAATCCAGCGATCCGAGTTCAAGTCTCGGTGGAACCTCCA	TGAATCCAGCGATCCGAGTTC	N:	i-tRF	35:55	37	6.80
Homo_sapiens_tRNA-Gln-CTG-2-1	GGTTCCATGGTGTAATGGTTAGCACTCTGGACTCTGAATCCAGCGATCCGAGTTCAAGTCTCGGTGGAACCTCCA	TGGTTAGCACTCTGGACTCTGAAT	N:	i-tRF	16:39	101	18.56
Homo_sapiens_tRNA-Lys-TTT-4-1	GCCTGGATAGCTCAGTCGGTAGAGCATCAGACTTTTAATCTGAGGGTCCAGGGTTCAAGTCCCTGTTCAGGCGCCA	CAGTCGGTAGAGCATC	N:	i-tRF	13:28	325	59.73
Homo_sapiens_tRNA-Pro-TGG-2-1	GGCTCGTTGGTCTAGGGGTATGATTCTCGGTTTGGGTCCGAGAGGTCCCGGGTTCAAATCCCGGACGAGCCCCCA	GGCTCGTTGGTCTAGGGGTATGATTCTCGG	N:	5'-tRF	1:30	258	47.41
Homo_sapiens_tRNA-Gln-CTG-4-1	GGTTCCATGGTGTAATGGTAAGCACTCTGGACTCTGAATCCAGCGATCCGAGTTCGAGTCTCGGTGGAACCTCCA	CTGAATCCAGCGATCCGAGT	N:	i-tRF	34:53	249	45.76
Homo_sapiens_tRNA-Pro-CGG-2-1	GGCTCGTTGGTCTAGGGGTATGATTCTCGCTTCGGGTGTGAGAGGTCCCGGGTTCAAATCCCGGACGAGCCCCCA	TGGTCTAGGGGTATGATTCTCGCT	N:	i-tRF	8:31	122	22.42
Homo_sapiens_tRNA-Pro-CGG-2-1	GGCTCGTTGGTCTAGGGGTATGATTCTCGCTTCGGGTGTGAGAGGTCCCGGGTTCAAATCCCGGACGAGCCCCCA	AATCCCGGACGAGCCCC	N:	3'-tRF	57:73	119	21.87
Homo_sapiens_tRNA-Pro-CGG-2-1	GGCTCGTTGGTCTAGGGGTATGATTCTCGCTTCGGGTGTGAGAGGTCCCGGGTTCAAATCCCGGACGAGCCCCCA	GGCTCGTTCGTCTAGGGGTATGATTCTC	Y:9	5'-tRF	1:28	32	5.88
Homo_sapiens_tRNA-Ala-AGC-11-1	GGGGAATTAGCTCAAATGGTAGAGCGCTCGCTTAGCATGCGAGAGGTAGCGGGATCGATGCCCGCATTCTCCACCA	ATGGTAGAGCGCTCGC	N:	i-tRF	16:31	233	42.82
Homo_sapiens_tRNA-Asp-GTC-2-1	TCCTCGTTAGTATAGTGGTGAGTATCCCCGCCTGTCACGCGGGAGACCGGGGTTCGATTCCCCGACGGGGAGCCA	CTGTCACGCGGGAGAC	N:	i-tRF	32:47	58	10.66
Homo_sapiens_tRNA-Asp-GTC-2-1	TCCTCGTTAGTATAGTGGTGAGTATCCCCGCCTGTCACGCGGGAGACCGGGGTTCGATTCCCCGACGGGGAGCCA	GGGGTTCGATTCCCCGACGGGGAGC	N:	3'-tRF	49:73	68	12.50
Homo_sapiens_tRNA-Asp-GTC-2-1	TCCTCGTTAGTATAGTGGTGAGTATCCCCGCCTGTCACGCGGGAGACCGGGGTTCGATTCCCCGACGGGGAGCCA	GTGAGTATCCCCGCCTGTC	N:	i-tRF	18:36	36	6.62
Homo_sapiens_tRNA-Pro-AGG-2-1	GGCTCGTTGGTCTAGGGGTATGATTCTCGCTTAGGGTGCGAGAGGTCCCGGGTTCAAATCCCGGACGAGCCCCCA	TTGGGGTGCGAGAGGTCCCGGGT	Y:33	i-tRF	31:53	42	7.72
Homo_sapiens_tRNA-Pro-AGG-2-1	GGCTCGTTGGTCTAGGGGTATGATTCTCGCTTAGGGTGCGAGAGGTCCCGGGTTCAAATCCCGGACGAGCCCCCA	GGCTCTTTGGTCTAGGGGTATGATTCTCGCT	Y:6	5'-half	1:31	53	9.74
Homo_sapiens_tRNA-Pro-AGG-2-1	GGCTCGTTGGTCTAGGGGTATGATTCTCGCTTAGGGTGCGAGAGGTCCCGGGTTCAAATCCCGGACGAGCCCCCA	ATCCCGGACGAGCCCCC	N:	3'-tRF	58:74	78	14.33
Homo_sapiens_tRNA-Arg-CCT-1-1	GCCCCAGTGGCCTAATGGATAAGGCACTGGCCTCCTAAGCCAGGGATTGTGGGTTCGAGTCCCACCTGGGGTACCA	CTAATGGATAAGGCACTG	N:	i-tRF	12:29	200	36.75
Homo_sapiens_tRNA-Cys-GCA-2-1	GGGGGTATAGCTCAGTGGTAGAGCATTTGACTGCAGATCAAGAGGTCCCCGGTTCAAATCCGGGTGCCCCCTCCA	GGGGGTATAGCTCAGTGGTAGAGCATTTGACT	N:	5'-half	1:32	165	30.32
Homo_sapiens_tRNA-Arg-ACG-2-1	GGGCCAGTGGCGCAATGGATAACGCGTCTGACTACGGATCAGAAGATTCTAGGTTCGACTCCTGGCTGGCTCGCCA	GGGCCAGTGGCGCAATGGATAACGCGTCTGACT	N:	5'-half	1:33	87	15.99
Homo_sapiens_tRNA-Arg-ACG-2-1	GGGCCAGTGGCGCAATGGATAACGCGTCTGACTACGGATCAGAAGATTCTAGGTTCGACTCCTGGCTGGCTCGCCA	CTCCTGGCTGGCTCGCCA	N:	3'-tRF	59:76	59	10.84
Homo_sapiens_tRNA-Val-CAC-3-1	GTTTCCGTAGTGTAGCGGTTATCACATTCGCCTCACACGCGAAAGGTCCCCGGTTCGATCCCGGGCGGAAACACCA	GTTTCCGTAGTGTAGCGGTTATCACATTCGCC	N:	5'-half	1:32	152	27.93
Homo_sapiens_tRNA-Ala-AGC-8-1	GGGGGATTAGCTCAAATGGTAGAGCGCTCGCTTAGCATGCGAGAGGTAGCGGGATCGATGCCCGCATCCTCCACCA	ATGGTAGAGAGCTCGC	Y:25	i-tRF	16:31	119	21.87
Homo_sapiens_tRNA-Glu-TTC-4-1	TCCCTGGTGGTCTAGTGGCTAGGATTCGGCGCTTTCACCGCCGCGGCCCGGGTTCGATTCCCGGTCAGGGAACCA	TCCCTGGTGGTCTAGTGGCTAGGATTCGGCGCT	N:	5'-half	1:33	36	6.62
Homo_sapiens_tRNA-Glu-TTC-4-1	TCCCTGGTGGTCTAGTGGCTAGGATTCGGCGCTTTCACCGCCGCGGCCCGGGTTCGATTCCCGGTCAGGGAACCA	GGGTTCGTTTCCCGGTCAGGGA	Y:57	i-tRF	50:71	58	10.66
Homo_sapiens_tRNA-Glu-TTC-4-1	TCCCTGGTGGTCTAGTGGCTAGGATTCGGCGCTTTCACCGCCGCGGCCCGGGTTCGATTCCCGGTCAGGGAACCA	CGCCGCGGCCCGGGTTCGTTTCCCGGTCAGGG	Y:57	i-tRF	39:70	69	12.68
trnaMT_MetCAT_MT_+_4402_4469	AGTAAGGTCAGCTAAATAAGCTATCGGGCCCATACCCCGAAAATGTTGGTTATACCCTTCCCGTACTACCA	AGTAAGGTCAGCTAAATAAGCTATCGGGCCC	N:	5'-half	1:31	143	26.28
trnaMT_ValTAC_MT_+_1602_1670	CAGAGTGTAGCTTAACACAAAGCACCCAACTTACACTTAGGAGATTTCAACTTAACTTGACCGCTCTGACCA	TAACTTGACCGCTCTGACCA	N:	3'-tRF	53:72	65	11.95
Homo_sapiens_tRNA-Pro-TGG-1-1	GGCTCGTTGGTCTAGTGGTATGATTCTCGCTTTGGGTGCGAGAGGTCCCGGGTTCAAATCCCGGACGAGCCCCCA	TTGGGTGCGAGAGGTCCCGGGT	N:	i-tRF	32:53	96	17.64
Homo_sapiens_tRNA-Val-AAC-3-1	GTTTCCGTAGTGTAGTGGTTATCACGTTCGCCTAACACGCGAAAGGTCCCTGGATCAAAACCAGGCGGAAACACCA	GTTTCCTTAGTGTAGTGGTTATCACGTTCGCC	Y:7	5'-half	1:32	110	20.22
Homo_sapiens_tRNA-Arg-CCT-4-1	GCCCCAGTGGCCTAATGGATAAGGCATTGGCCTCCTAAGCCAGGGATTGTGGGTTCGAGTCCCATCTGGGGTGCCA	AGGGATTGTGGGTTCGTGTCCCATCTGGGGTGCCA	Y:58	3'-tRF	42:76	79	14.52
Homo_sapiens_tRNA-Val-TAC-1-1	GGTTCCATAGTGTAGTGGTTATCACGTCTGCTTTACACGCAGAAGGTCCTGGGTTCGAGCCCCAGTGGAACCACCA	GGTTCCATAGTGTAGTGGTTATCACGTCTGC	N:	5'-tRF	1:31	101	18.56
Homo_sapiens_tRNA-Glu-TTC-1-1	TCCCATATGGTCTAGCGGTTAGGATTCCTGGTTTTCACCCAGGTGGCCCGGGTTCGACTCCCGGTATGGGAACCA	TCCCATATGGTCTAGCGGTTAGGATTCCTGGT	N:	5'-half	1:32	86	15.81
Homo_sapiens_tRNA-Ala-AGC-5-1	GGGGGTGTAGCTCAGTGGTAGAGCGCGTGCTTAGCATGCACGAGGCCCTGGGTTCAATCCCCAGCACCTCCACCA	GGGGGTGTAGCTCAGTGGTAGAGCGCGTGC	N:	5'-tRF	1:30	119	21.87
Homo_sapiens_tRNA-Gln-TTG-1-1	GGTCCCATGGTGTAATGGTTAGCACTCTGGACTTTGAATCCAGCGATCCGAGTTCAAATCTCGGTGGGACCTCCA	CTTTGAATCCAGCGATCCGAGT	N:	i-tRF	32:53	41	7.54
Homo_sapiens_tRNA-Ser-GCT-6-1	GGAGAGGCCTGGCCGAGTGGTTAAGGCGATGGACTGCTAATCCATTGTGCTCTGCACGCGTGGGTTCGAATCCCATCCTCGTCGCCA	AATCCCATCCTCGTCGCCA	N:	3'-tRF	69:87	105	19.30
Homo_sapiens_tRNA-Gln-TTG-3-1	GGCCCCATGGTGTAATGGTTAGCACTCTGGACTTTGAATCCAGCGATCCGAGTTCAAATCTCGGTGGGACCTCCA	CTTTGAATCCAGCGATCCGAGTT	N:	i-tRF	32:54	49	9.01
Homo_sapiens_tRNA-Gln-CTG-5-1	GGTTCCATGGTGTAATGGTTAGCACTCTGGACTCTGAATCCGGTAATCCGAGTTCAAATCTCGGTGGAACCTCCA	ATGGTTAGCACTCTGGACTCTGAATC	N:	i-tRF	15:40	60	11.03
Homo_sapiens_tRNA-Val-CAC-14-1	GTTTCCGTAGTGTAGTGGTTATCATGTTCGCCTCACACGCGAAAGGTCCCCGGTTCGAAACTGGATGGAAACACCA	GTTTCCGTAGTGTAGTGGTTATC	N:	5'-tRF	1:23	93	17.09
Homo_sapiens_tRNA-Ser-GCT-4-1	GACGAGGTGGCCGAGTGGTTAAGGCGATGGACTGCTAATCCATTGTGCTCTGCACGCGTGGGTTCGAATCCCATCCTCGTCGCCA	TCGAATCCCATCCTCGTCGCC	N:	3'-tRF	64:84	90	16.54
Homo_sapiens_tRNA-Trp-CCA-3-1	GACCTCGTGGCGCAACGGTAGCGCGTCTGACTCCAGATCAGAAGGTTGCGTGTTCAAATCACGTCGGGGTCACCA	GACCTCGTGGCGCAACGGTAGCGCGTCTGACT	N:	5'-half	1:32	76	13.97
Homo_sapiens_tRNA-Met-CAT-1-1	GCCTCGTTAGCGCAGTAGGTAGCGCGTCAGTCTCATAATCTGAAGGTCGTGAGTTCGATCCTCACACGGGGCACCA	TCTGAAGGTCGTGAGTTCGTTCCTCACACGGGGCACCA	Y:58	3'-tRF	39:76	49	9.01
Homo_sapiens_tRNA-Met-CAT-1-1	GCCTCGTTAGCGCAGTAGGTAGCGCGTCAGTCTCATAATCTGAAGGTCGTGAGTTCGATCCTCACACGGGGCACCA	AGTAGGTAGCGCTTCAGTC	Y:26	i-tRF	14:32	31	5.70
Homo_sapiens_tRNA-Lys-CTT-7-1	GCCCAGCTAGCTCAGTCGGTAGAGCATGAGACTCTTAATCTCAGGGTCATGGGTTTGAGCCCCACGTTTGGTGCCA	TCGGTAGAGCATGAGAC	N:	i-tRF	16:32	77	14.15
Homo_sapiens_tRNA-Lys-TTT-6-1	GCCTGGGTAGCTCAGTCGGTAGAGCATCAGACTTTTAATCTGAGGGTCCAGGGTTCAAGTCCCTGTCCAGGCGCCA	CAGTCGGTAGAGCATCAGA	N:	i-tRF	13:31	71	13.05
Homo_sapiens_tRNA-Ala-TGC-3-1	GGGGATGTAGCTCAGTGGTAGAGCGCATGCTTTGCATGTATGAGGCCCCGGGTTCGATCCCCGGCATCTCCACCA	GGGGATGTAGCTCAGTGGTAGAGCGCATGC	N:	5'-tRF	1:30	63	11.58
Homo_sapiens_tRNA-Ala-AGC-6-1	GGGGGTATAGCTCAGCGGTAGAGCGCGTGCTTAGCATGCACGAGGTCCTGGGTTCAATCCCCAATACCTCCACCA	GGGGGTATAGCTCAGC	N:	5'-tRF	1:16	82	15.07
Homo_sapiens_tRNA-Phe-GAA-2-1	GCCGAAATAGCTCAGTTGGGAGAGCGTTAGACTGAAGATCTAAAGGTCCCTGGTTCAATCCCGGGTTTCGGCACCA	AGTTGGGAGAGCTTTAGACTGA	Y:26	i-tRF	14:35	32	5.88
Homo_sapiens_tRNA-Gln-TTG-2-1	GGTCCCATGGTGTAATGGTTAGCACTCTGGACTTTGAATCCAGCAATCCGAGTTCGAATCTCGGTGGGACCTCCA	ATGGTTAGCACTCTGG	N:	i-tRF	15:30	32	5.88
Homo_sapiens_tRNA-Phe-GAA-1-1	GCCGAAATAGCTCAGTTGGGAGAGCGTTAGACTGAAGATCTAAAGGTCCCTGGTTCGATCCCGGGTTTCGGCACCA	AGTTGGGAGAGCTTTAGACTGAA	Y:26	i-tRF	14:36	42	7.72
Homo_sapiens_tRNA-Cys-GCA-1-1	GGGGGCATAGCTCAGTGGTAGAGCATTTGACTGCAGATCAAGAGGTCCCTGGTTCAAATCCAGGTGCCCCCTCCA	GGGGGCATAGCTCAGC	Y:16	5'-tRF	1:16	37	6.80
Homo_sapiens_tRNA-Ala-TGC-4-1	GGGGATGTAGCTCAGTGGTAGAGCGCATGCTTTGCACGTATGAGGCCCCGGGTTCAATCCCCGGCATCTCCACCA	GGGGATGTAGCTCAGTGGTAGA	N:	5'-tRF	1:22	59	10.84
Homo_sapiens_tRNA-Gln-CTG-6-1	GGCCCCATGGTGTAATGGTCAGCACTCTGGACTCTGAATCCAGCGATCCGAGTTCAAATCTCGGTGGGACCCCCA	TGAATCCAGCGATCCGAGTT	N:	i-tRF	35:54	50	9.19
Homo_sapiens_tRNA-Leu-CAA-4-1	GTCAGGATGGCCGAGTGGTCTAAGGCGCCAGACTCAAGTTCTGGTCTCCGGATGGAGGCGTGGGTTCGAATCCCACTTCTGACACCA	ATCCCACTTCTGACACCA	N:	3'-tRF	70:87	44	8.09
Homo_sapiens_tRNA-Thr-TGT-1-1	GGCTCTATGGCTTAGTTGGTTAAAGCGCCTGTCTTGTAAACAGGAGATCCTGGGTTCGAATCCCAGTAGAGCCTCCA	CTGGTAAACAGGAGATCCTGGGT	Y:35	i-tRF	33:55	66	12.13
Homo_sapiens_tRNA-Ile-AAT-12-1	GGCCGGTTAGCTCAGTCGGTTAGAGCGTGGTGCTAATAACGCCAAGGTCGCGGGTTCGATCCCCGTGCCGGTCACCA	TGGTGCTGATAACGCCAAGGTCGCGGGT	Y:35	i-tRF	28:55	42	7.72
Homo_sapiens_tRNA-Ser-TGA-1-1	GCAGCGATGGCCGAGTGGTTAAGGCGTTGGACTTGAAATCCAATGGGGTCTCCCCGCGCAGGTTCGAACCCTGCTCGCTGCGCCA	ACCCTGCTCGCTGCGCCA	N:	3'-tRF	68:85	48	8.82
